Experiment Accession,Experiment Title,Organism Name,Instrument,Submitter,Study Accession,Study Title,Sample Accession,Sample Title,"Total Size, Mb",Total RUNs,Total Spots,Total Bases,Library Name,Library Strategy,Library Source,Library Selection,tissue_known,informative_title,rnaseq_suggested,score
SRX20274820,ATAC-Seq of Crassostrea gigas: adult gill under heat stress,Magallana gigas,HiSeq X Ten,"Institute of Oceanology, Chinese Academy of Scienc",SRP436766,ATAC-Seq and RNA-Seq of two congeneric oyster species under heat stress,SRS17602502,Pacific oyster,6153.47,1,62431129,18729338700,HC.gigas2_ATAC-Seq_fastq,ATAC-seq,GENOMIC,DNase,True,True,True,3
SRX20274813,ATAC-Seq of Crassostrea angulata: adult gill under heat stress,Magallana angulata,HiSeq X Ten,"Institute of Oceanology, Chinese Academy of Scienc",SRP436766,ATAC-Seq and RNA-Seq of two congeneric oyster species under heat stress,SRS17602499,,10296.68,1,104507375,31352212500,HC.angulata3_ATAC-Seq_fastq,ATAC-seq,GENOMIC,DNase,True,True,True,3
SRX20274808,ATAC-Seq of Crassostrea angulata: adult gill under heat stress,Magallana angulata,HiSeq X Ten,"Institute of Oceanology, Chinese Academy of Scienc",SRP436766,ATAC-Seq and RNA-Seq of two congeneric oyster species under heat stress,SRS17602496,,9424.7,1,95698694,28709608200,HC.angulata1_ATAC-Seq_fastq,ATAC-seq,GENOMIC,DNase,True,True,True,3
SRX20274816,ATAC-Seq of Crassostrea gigas: adult gill without heat stress,Magallana gigas,HiSeq X Ten,"Institute of Oceanology, Chinese Academy of Scienc",SRP436766,ATAC-Seq and RNA-Seq of two congeneric oyster species under heat stress,SRS17602500,Pacific oyster,6145.56,1,60691744,18207523200,NC.gigas3_ATAC-Seq_fastq,ATAC-seq,GENOMIC,DNase,True,True,True,3
SRX20274814,ATAC-Seq of Crassostrea gigas: adult gill without heat stress,Magallana gigas,HiSeq X Ten,"Institute of Oceanology, Chinese Academy of Scienc",SRP436766,ATAC-Seq and RNA-Seq of two congeneric oyster species under heat stress,SRS17602498,Pacific oyster,8324.06,1,79624109,23887232700,NC.gigas2_ATAC-Seq_fastq,ATAC-seq,GENOMIC,DNase,True,True,True,3
SRX20274806,ATAC-Seq of Crassostrea angulata: adult gill without heat stress,Magallana angulata,HiSeq X Ten,"Institute of Oceanology, Chinese Academy of Scienc",SRP436766,ATAC-Seq and RNA-Seq of two congeneric oyster species under heat stress,SRS17602495,,6121.25,1,57605437,17281631100,NC.angulata3_ATAC-Seq_fastq,ATAC-seq,GENOMIC,DNase,True,True,True,3
SRX20274804,ATAC-Seq of Crassostrea angulata: adult gill without heat stress,Magallana angulata,HiSeq X Ten,"Institute of Oceanology, Chinese Academy of Scienc",SRP436766,ATAC-Seq and RNA-Seq of two congeneric oyster species under heat stress,SRS17602494,,7304.72,1,71604745,21481423500,NC.angulata2_ATAC-Seq_fastq,ATAC-seq,GENOMIC,DNase,True,True,True,3
SRX20274800,ATAC-Seq of Crassostrea gigas: adult gill under heat stress,Magallana gigas,HiSeq X Ten,"Institute of Oceanology, Chinese Academy of Scienc",SRP436766,ATAC-Seq and RNA-Seq of two congeneric oyster species under heat stress,SRS17602493,Pacific oyster,5860.41,1,58900926,17670277800,HC.gigas3_ATAC-Seq_fastq,ATAC-seq,GENOMIC,DNase,True,True,True,3
SRX20274798,ATAC-Seq of Crassostrea gigas: adult gill without heat stress,Magallana gigas,HiSeq X Ten,"Institute of Oceanology, Chinese Academy of Scienc",SRP436766,ATAC-Seq and RNA-Seq of two congeneric oyster species under heat stress,SRS17602492,Pacific oyster,5759.64,1,53609075,16082722500,NC.gigas1_ATAC-Seq_fastq,ATAC-seq,GENOMIC,DNase,True,True,True,3
SRX20274802,ATAC-Seq of Crassostrea angulata: adult gill without heat stress,Magallana angulata,HiSeq X Ten,"Institute of Oceanology, Chinese Academy of Scienc",SRP436766,ATAC-Seq and RNA-Seq of two congeneric oyster species under heat stress,SRS17602491,,8876.25,1,87671735,26301520500,NC.angulata1_ATAC-Seq_fastq,ATAC-seq,GENOMIC,DNase,True,True,True,3
SRX20274811,ATAC-Seq of Crassostrea angulata: adult gill under heat stress,Magallana angulata,HiSeq X Ten,"Institute of Oceanology, Chinese Academy of Scienc",SRP436766,ATAC-Seq and RNA-Seq of two congeneric oyster species under heat stress,SRS17602497,,7640.32,1,78161426,23448427800,HC.angulata2_ATAC-Seq_fastq,ATAC-seq,GENOMIC,DNase,True,True,True,3
SRX20274818,ATAC-Seq of Crassostrea gigas: adult gill under heat stress,Magallana gigas,HiSeq X Ten,"Institute of Oceanology, Chinese Academy of Scienc",SRP436766,ATAC-Seq and RNA-Seq of two congeneric oyster species under heat stress,SRS17602501,Pacific oyster,6189.79,1,62539412,18761823600,HC.gigas1_ATAC-Seq_fastq,ATAC-seq,GENOMIC,DNase,True,True,True,3
SRX21187887,ATAC-Seq of Crassostrea ariakensis: adult female gonads,Magallana ariakensis,BGISEQ-500,",Yellow Sea Fisheries Research Institute, Chinese ",SRP452115,ATAC-Seq and RNA-Seq data of  Crassostrea ariakensis at different gonadal developmental stages,SRS18447840,,7329.18,1,106417999,10641799900,ATAC_seq_2_2,ATAC-seq,GENOMIC,PCR,True,False,True,2
SRX9640307,Whole genome bisulfite sequencing of diploid Crassostrea gigas at pH 7.7: adult ctenidia,Magallana gigas,Illumina NovaSeq 6000,University of Washington,SRP296747,Whole genome bisulfite sequencing (WGBS) of diploid and triploid Crassostrea gigas ctenidia exposed to different pH levels.,SRS7839941,Pacific oyster,3823.51,1,43149301,10887823307,2N_LOW_02,Bisulfite-Seq,GENOMIC,RANDOM,True,True,False,2
SRX21187892,ATAC-Seq of Crassostrea ariakensis: adult female gonads,Magallana ariakensis,BGISEQ-500,",Yellow Sea Fisheries Research Institute, Chinese ",SRP452115,ATAC-Seq and RNA-Seq data of  Crassostrea ariakensis at different gonadal developmental stages,SRS18447844,,9670.42,1,144036895,14403689500,ATAC_seq_3_3,ATAC-seq,GENOMIC,PCR,True,False,True,2
SRX9508699,Whole genome bisulfite sequencing of adult diploid Crasstrea gigas ctenidia subjected to 24hrs of dessication at 27C.,Magallana gigas,Illumina NovaSeq 6000,University of Washington,SRP292561,Whole genome bisulfite sequencing of diploid and triploid Crassostrea gigas exposed to dessication and acute heat stress.,SRS7717231,Pacific oyster,6618.09,1,76804380,19407317160,zr3534_2,Bisulfite-Seq,GENOMIC,RANDOM,True,True,False,2
SRX21187886,ATAC-Seq of Crassostrea ariakensis: adult female gonads,Magallana ariakensis,BGISEQ-500,",Yellow Sea Fisheries Research Institute, Chinese ",SRP452115,ATAC-Seq and RNA-Seq data of  Crassostrea ariakensis at different gonadal developmental stages,SRS18447839,,11753.08,1,173734138,17373413800,ATAC_seq_2_1,ATAC-seq,GENOMIC,PCR,True,False,True,2
SRX9640296,Whole genome bisulfite sequencing of triploid Crassostrea gigas at pH 7.7: adult ctenidia,Magallana gigas,Illumina NovaSeq 6000,University of Washington,SRP296747,Whole genome bisulfite sequencing (WGBS) of diploid and triploid Crassostrea gigas ctenidia exposed to different pH levels.,SRS7839930,Pacific oyster,4606.14,1,51337098,13007627849,3N_LOW_08,Bisulfite-Seq,GENOMIC,RANDOM,True,True,False,2
SRX9508703,Whole genome bisulfite sequencing of adult triploid Crasstrea gigas ctenidia subjected to 24hrs of dessication at 27C.,Magallana gigas,Illumina NovaSeq 6000,University of Washington,SRP292561,Whole genome bisulfite sequencing of diploid and triploid Crassostrea gigas exposed to dessication and acute heat stress.,SRS7717235,Pacific oyster,6630.72,1,76803843,19452263110,zr3534_6,Bisulfite-Seq,GENOMIC,RANDOM,True,True,False,2
SRX21187891,ATAC-Seq of Crassostrea ariakensis: adult female gonads,Magallana ariakensis,BGISEQ-500,",Yellow Sea Fisheries Research Institute, Chinese ",SRP452115,ATAC-Seq and RNA-Seq data of  Crassostrea ariakensis at different gonadal developmental stages,SRS18447843,,10857.96,1,161783121,16178312100,ATAC_seq_3_2,ATAC-seq,GENOMIC,PCR,True,False,True,2
SRX9640309,Whole genome bisulfite sequencing of triploid Crassostrea gigas at pH 8.2: adult ctenidia,Magallana gigas,Illumina NovaSeq 6000,University of Washington,SRP296747,Whole genome bisulfite sequencing (WGBS) of diploid and triploid Crassostrea gigas ctenidia exposed to different pH levels.,SRS7839943,Pacific oyster,4738.88,1,54135312,13753130617,3N_HI_02,Bisulfite-Seq,GENOMIC,RANDOM,True,True,False,2
SRX9640308,Whole genome bisulfite sequencing of diploid Crassostrea gigas at pH 7.7: adult ctenidia,Magallana gigas,Illumina NovaSeq 6000,University of Washington,SRP296747,Whole genome bisulfite sequencing (WGBS) of diploid and triploid Crassostrea gigas ctenidia exposed to different pH levels.,SRS7839942,Pacific oyster,4179.14,1,49101606,12158018996,2N_LOW_03,Bisulfite-Seq,GENOMIC,RANDOM,True,True,False,2
SRX9508706,"Whole genome bisulfite sequencing of adult triploid Crasstrea gigas ctenidia subjected to 24hrs of dessication at 27C, followed by 1hr heat stress at 45C.",Magallana gigas,Illumina NovaSeq 6000,University of Washington,SRP292561,Whole genome bisulfite sequencing of diploid and triploid Crassostrea gigas exposed to dessication and acute heat stress.,SRS7717238,Pacific oyster,6462.13,1,75217875,18971333399,zr3534_9,Bisulfite-Seq,GENOMIC,RANDOM,True,True,False,2
SRX9640310,Whole genome bisulfite sequencing of triploid Crassostrea gigas at pH 8.2: adult ctenidia,Magallana gigas,Illumina NovaSeq 6000,University of Washington,SRP296747,Whole genome bisulfite sequencing (WGBS) of diploid and triploid Crassostrea gigas ctenidia exposed to different pH levels.,SRS7839944,Pacific oyster,3367.72,1,37045803,9356858961,3N_HI_03,Bisulfite-Seq,GENOMIC,RANDOM,True,True,False,2
SRX21187885,ATAC-Seq of Crassostrea ariakensis: adult female gonads,Magallana ariakensis,BGISEQ-500,",Yellow Sea Fisheries Research Institute, Chinese ",SRP452115,ATAC-Seq and RNA-Seq data of  Crassostrea ariakensis at different gonadal developmental stages,SRS18447838,,14243.31,1,212773748,21277374800,ATAC_seq_1_3,ATAC-seq,GENOMIC,PCR,True,False,True,2
SRX21187890,ATAC-Seq of Crassostrea ariakensis: adult female gonads,Magallana ariakensis,BGISEQ-500,",Yellow Sea Fisheries Research Institute, Chinese ",SRP452115,ATAC-Seq and RNA-Seq data of  Crassostrea ariakensis at different gonadal developmental stages,SRS18447842,,7912.58,1,114944954,11494495400,ATAC_seq_3_1,ATAC-seq,GENOMIC,PCR,True,False,True,2
SRX21187884,ATAC-Seq of Crassostrea ariakensis: adult female gonads,Magallana ariakensis,BGISEQ-500,",Yellow Sea Fisheries Research Institute, Chinese ",SRP452115,ATAC-Seq and RNA-Seq data of  Crassostrea ariakensis at different gonadal developmental stages,SRS18447832,,7138.71,1,101603641,10160364100,ATAC_seq_1_2,ATAC-seq,GENOMIC,PCR,True,False,True,2
SRX9640304,Whole genome bisulfite sequencing of diploid Crassostrea gigas at pH 7.7: adult ctenidia,Magallana gigas,Illumina NovaSeq 6000,University of Washington,SRP296747,Whole genome bisulfite sequencing (WGBS) of diploid and triploid Crassostrea gigas ctenidia exposed to different pH levels.,SRS7839937,Pacific oyster,4169.46,1,47871006,12087819625,2N_LOW_06,Bisulfite-Seq,GENOMIC,RANDOM,True,True,False,2
SRX9640297,Whole genome bisulfite sequencing of triploid Crassostrea gigas at pH 7.7: adult ctenidia,Magallana gigas,Illumina NovaSeq 6000,University of Washington,SRP296747,Whole genome bisulfite sequencing (WGBS) of diploid and triploid Crassostrea gigas ctenidia exposed to different pH levels.,SRS7839931,Pacific oyster,4158.62,1,47948800,12109487855,3N_LOW_10,Bisulfite-Seq,GENOMIC,RANDOM,True,True,False,2
SRX9640305,Whole genome bisulfite sequencing of diploid Crassostrea gigas at pH 8.2: adult ctenidia,Magallana gigas,Illumina NovaSeq 6000,University of Washington,SRP296747,Whole genome bisulfite sequencing (WGBS) of diploid and triploid Crassostrea gigas ctenidia exposed to different pH levels.,SRS7839939,Pacific oyster,4758.9,1,54279403,13730738899,2N_HI_12,Bisulfite-Seq,GENOMIC,RANDOM,True,True,False,2
SRX9640311,Whole genome bisulfite sequencing of triploid Crassostrea gigas at pH 8.2: adult ctenidia,Magallana gigas,Illumina NovaSeq 6000,University of Washington,SRP296747,Whole genome bisulfite sequencing (WGBS) of diploid and triploid Crassostrea gigas ctenidia exposed to different pH levels.,SRS7839945,Pacific oyster,5179.89,1,59408352,15033695703,3N_HI_05,Bisulfite-Seq,GENOMIC,RANDOM,True,True,False,2
SRX9934561,BS-seq of Crassostrea gigasgill,Magallana gigas,HiSeq X Ten,Chinese Academy of Sciences,SRP303217,Epigenomics of wild Pacific oysters,SRS8109933,Pacific oyster,6286.48,1,66591146,19977343800,F0_LTX_3,Bisulfite-Seq,GENOMIC,size fractionation,True,True,False,2
SRX9640303,Whole genome bisulfite sequencing of diploid Crassostrea gigas at pH 8.2: adult ctenidia,Magallana gigas,Illumina NovaSeq 6000,University of Washington,SRP296747,Whole genome bisulfite sequencing (WGBS) of diploid and triploid Crassostrea gigas ctenidia exposed to different pH levels.,SRS7839938,Pacific oyster,4110.43,1,44881631,11382922440,2N_HI_11,Bisulfite-Seq,GENOMIC,RANDOM,True,True,False,2
SRX9934556,BS-seq of Crassostrea gigasgill,Magallana gigas,HiSeq X Ten,Chinese Academy of Sciences,SRP303217,Epigenomics of wild Pacific oysters,SRS8109933,Pacific oyster,5932.25,1,62210995,18663298500,F0_LTJ_1,Bisulfite-Seq,GENOMIC,size fractionation,True,True,False,2
SRX9508705,Whole genome bisulfite sequencing of adult triploid Crasstrea gigas ctenidia subjected to 24hrs of dessication at 27C.,Magallana gigas,Illumina NovaSeq 6000,University of Washington,SRP292561,Whole genome bisulfite sequencing of diploid and triploid Crassostrea gigas exposed to dessication and acute heat stress.,SRS7717237,Pacific oyster,8331.58,1,92209405,23166328084,zr3534_8,Bisulfite-Seq,GENOMIC,RANDOM,True,True,False,2
SRX9508707,"Whole genome bisulfite sequencing of adult triploid Crasstrea gigas ctenidia subjected to 24hrs of dessication at 27C, followed by 1hr heat stress at 45C.",Magallana gigas,Illumina NovaSeq 6000,University of Washington,SRP292561,Whole genome bisulfite sequencing of diploid and triploid Crassostrea gigas exposed to dessication and acute heat stress.,SRS7717239,Pacific oyster,6781.77,1,79094628,19957525524,zr3534_10,Bisulfite-Seq,GENOMIC,RANDOM,True,True,False,2
SRX9640295,Whole genome bisulfite sequencing of triploid Crassostrea gigas at pH 7.7: adult ctenidia,Magallana gigas,Illumina NovaSeq 6000,University of Washington,SRP296747,Whole genome bisulfite sequencing (WGBS) of diploid and triploid Crassostrea gigas ctenidia exposed to different pH levels.,SRS7839929,Pacific oyster,5148.54,1,54311933,13793439476,3N_LOW_07,Bisulfite-Seq,GENOMIC,RANDOM,True,True,False,2
SRX9640300,Whole genome bisulfite sequencing of diploid Crassostrea gigas at pH 8.2: adult ctenidia,Magallana gigas,Illumina NovaSeq 6000,University of Washington,SRP296747,Whole genome bisulfite sequencing (WGBS) of diploid and triploid Crassostrea gigas ctenidia exposed to different pH levels.,SRS7839934,Pacific oyster,4914.45,1,55879313,14254874194,2N_HI_08,Bisulfite-Seq,GENOMIC,RANDOM,True,True,False,2
SRX9508700,Whole genome bisulfite sequencing of adult diploid Crasstrea gigas ctenidia subjected to 24hrs of dessication at 27C.,Magallana gigas,Illumina NovaSeq 6000,University of Washington,SRP292561,Whole genome bisulfite sequencing of diploid and triploid Crassostrea gigas exposed to dessication and acute heat stress.,SRS7717232,Pacific oyster,6887.93,1,79350310,20199558667,zr3534_3,Bisulfite-Seq,GENOMIC,RANDOM,True,True,False,2
SRX9640312,Whole genome bisulfite sequencing of triploid Crassostrea gigas at pH 8.2: adult ctenidia,Magallana gigas,Illumina NovaSeq 6000,University of Washington,SRP296747,Whole genome bisulfite sequencing (WGBS) of diploid and triploid Crassostrea gigas ctenidia exposed to different pH levels.,SRS7839946,Pacific oyster,4610.41,1,51910846,12940812914,3N_HI_08,Bisulfite-Seq,GENOMIC,RANDOM,True,True,False,2
SRX9640293,Whole genome bisulfite sequencing of diploid Crassostrea gigas at pH 7.7: adult ctenidia,Magallana gigas,Illumina NovaSeq 6000,University of Washington,SRP296747,Whole genome bisulfite sequencing (WGBS) of diploid and triploid Crassostrea gigas ctenidia exposed to different pH levels.,SRS7839927,Pacific oyster,4956.87,1,57092207,14387171521,2N_LOW_05,Bisulfite-Seq,GENOMIC,RANDOM,True,True,False,2
SRX9640294,Whole genome bisulfite sequencing of diploid Crassostrea gigas at pH 8.2: adult ctenidia,Magallana gigas,Illumina NovaSeq 6000,University of Washington,SRP296747,Whole genome bisulfite sequencing (WGBS) of diploid and triploid Crassostrea gigas ctenidia exposed to different pH levels.,SRS7839928,Pacific oyster,4611.42,1,52225074,13106275581,2N_HI_05,Bisulfite-Seq,GENOMIC,RANDOM,True,True,False,2
SRX9508701,"Whole genome bisulfite sequencing of adult diploid Crasstrea gigas ctenidia subjected to 24hrs of dessication at 27C, followed by 1hr heat stress at 45C.",Magallana gigas,Illumina NovaSeq 6000,University of Washington,SRP292561,Whole genome bisulfite sequencing of diploid and triploid Crassostrea gigas exposed to dessication and acute heat stress.,SRS7717233,Pacific oyster,6679.18,1,76075752,19196767236,zr3534_4,Bisulfite-Seq,GENOMIC,RANDOM,True,True,False,2
SRX9640302,Whole genome bisulfite sequencing of diploid Crassostrea gigas at pH 8.2: adult ctenidia,Magallana gigas,Illumina NovaSeq 6000,University of Washington,SRP296747,Whole genome bisulfite sequencing (WGBS) of diploid and triploid Crassostrea gigas ctenidia exposed to different pH levels.,SRS7839936,Pacific oyster,4522.79,1,50228886,12708355627,2N_HI_10,Bisulfite-Seq,GENOMIC,RANDOM,True,True,False,2
SRX21187883,ATAC-Seq of Crassostrea ariakensis: adult female gonads,Magallana ariakensis,BGISEQ-500,",Yellow Sea Fisheries Research Institute, Chinese ",SRP452115,ATAC-Seq and RNA-Seq data of  Crassostrea ariakensis at different gonadal developmental stages,SRS18447831,,14187.02,1,211126651,21112665100,ATAC_seq_1_1,ATAC-seq,GENOMIC,PCR,True,False,True,2
SRX9640313,Whole genome bisulfite sequencing of triploid Crassostrea gigas at pH 8.2: adult ctenidia,Magallana gigas,Illumina NovaSeq 6000,University of Washington,SRP296747,Whole genome bisulfite sequencing (WGBS) of diploid and triploid Crassostrea gigas ctenidia exposed to different pH levels.,SRS7839947,Pacific oyster,5046.74,1,58612409,14736153342,3N_HI_10,Bisulfite-Seq,GENOMIC,RANDOM,True,True,False,2
SRX9934558,BS-seq of Crassostrea gigasgill,Magallana gigas,HiSeq X Ten,Chinese Academy of Sciences,SRP303217,Epigenomics of wild Pacific oysters,SRS8109933,Pacific oyster,6935.44,1,73268515,21980554500,F0_LTJ_3,Bisulfite-Seq,GENOMIC,size fractionation,True,True,False,2
SRX9508704,Whole genome bisulfite sequencing of adult triploid Crasstrea gigas ctenidia subjected to 24hrs of dessication at 27C.,Magallana gigas,Illumina NovaSeq 6000,University of Washington,SRP292561,Whole genome bisulfite sequencing of diploid and triploid Crassostrea gigas exposed to dessication and acute heat stress.,SRS7717236,Pacific oyster,5849.33,1,67258007,16997389690,zr3534_7,Bisulfite-Seq,GENOMIC,RANDOM,True,True,False,2
SRX9640301,Whole genome bisulfite sequencing of diploid Crassostrea gigas at pH 8.2: adult ctenidia,Magallana gigas,Illumina NovaSeq 6000,University of Washington,SRP296747,Whole genome bisulfite sequencing (WGBS) of diploid and triploid Crassostrea gigas ctenidia exposed to different pH levels.,SRS7839935,Pacific oyster,3476.66,1,39620531,10032578352,2N_HI_09,Bisulfite-Seq,GENOMIC,RANDOM,True,True,False,2
SRX9640292,Whole genome bisulfite sequencing of diploid Crassostrea gigas at pH 7.7: adult ctenidia,Magallana gigas,Illumina NovaSeq 6000,University of Washington,SRP296747,Whole genome bisulfite sequencing (WGBS) of diploid and triploid Crassostrea gigas ctenidia exposed to different pH levels.,SRS7839926,Pacific oyster,4592.56,1,52847841,13324835363,2N_LOW_04,Bisulfite-Seq,GENOMIC,RANDOM,True,True,False,2
SRX9640298,Whole genome bisulfite sequencing of triploid Crassostrea gigas at pH 7.7: adult ctenidia,Magallana gigas,Illumina NovaSeq 6000,University of Washington,SRP296747,Whole genome bisulfite sequencing (WGBS) of diploid and triploid Crassostrea gigas ctenidia exposed to different pH levels.,SRS7839932,Pacific oyster,3529.71,1,40743756,10242983490,3N_LOW_11,Bisulfite-Seq,GENOMIC,RANDOM,True,True,False,2
SRX9934557,BS-seq of Crassostrea gigasgill,Magallana gigas,HiSeq X Ten,Chinese Academy of Sciences,SRP303217,Epigenomics of wild Pacific oysters,SRS8109933,Pacific oyster,6747.57,1,70381119,21114335700,F0_LTJ_2,Bisulfite-Seq,GENOMIC,size fractionation,True,True,False,2
SRX9640314,Whole genome bisulfite sequencing of triploid Crassostrea gigas at pH 8.2: adult ctenidia,Magallana gigas,Illumina NovaSeq 6000,University of Washington,SRP296747,Whole genome bisulfite sequencing (WGBS) of diploid and triploid Crassostrea gigas ctenidia exposed to different pH levels.,SRS7839948,Pacific oyster,4507.73,1,51977624,13075606922,3N_HI_11,Bisulfite-Seq,GENOMIC,RANDOM,True,True,False,2
SRX21187889,ATAC-Seq of Crassostrea ariakensis: adult female gonads,Magallana ariakensis,BGISEQ-500,",Yellow Sea Fisheries Research Institute, Chinese ",SRP452115,ATAC-Seq and RNA-Seq data of  Crassostrea ariakensis at different gonadal developmental stages,SRS18447841,,10512.48,1,157267060,15726706000,ATAC_seq_2_3,ATAC-seq,GENOMIC,PCR,True,False,True,2
SRX9508698,Whole genome bisulfite sequencing of adult diploid Crasstrea gigas ctenidia subjected to 24hrs of dessication at 27C.,Magallana gigas,Illumina NovaSeq 6000,University of Washington,SRP292561,Whole genome bisulfite sequencing of diploid and triploid Crassostrea gigas exposed to dessication and acute heat stress.,SRS7717230,Pacific oyster,6723.7,1,78029780,19680742915,zr3534_1,Bisulfite-Seq,GENOMIC,RANDOM,True,True,False,2
SRX9640306,Whole genome bisulfite sequencing of diploid Crassostrea gigas at pH 7.7: adult ctenidia,Magallana gigas,Illumina NovaSeq 6000,University of Washington,SRP296747,Whole genome bisulfite sequencing (WGBS) of diploid and triploid Crassostrea gigas ctenidia exposed to different pH levels.,SRS7839940,Pacific oyster,7300.68,1,82933633,21035312346,2N_LOW_01,Bisulfite-Seq,GENOMIC,RANDOM,True,True,False,2
SRX9508702,"Whole genome bisulfite sequencing of adult diploid Crasstrea gigas ctenidia subjected to 24hrs of dessication at 27C, followed by 1hr heat stress at 45C.",Magallana gigas,Illumina NovaSeq 6000,University of Washington,SRP292561,Whole genome bisulfite sequencing of diploid and triploid Crassostrea gigas exposed to dessication and acute heat stress.,SRS7717234,Pacific oyster,7366.47,1,85730862,21618377966,zr3534_5,Bisulfite-Seq,GENOMIC,RANDOM,True,True,False,2
SRX9640315,Whole genome bisulfite sequencing of triploid Crassostrea gigas at pH 7.7: adult ctenidia,Magallana gigas,Illumina NovaSeq 6000,University of Washington,SRP296747,Whole genome bisulfite sequencing (WGBS) of diploid and triploid Crassostrea gigas ctenidia exposed to different pH levels.,SRS7839949,Pacific oyster,4348.68,1,49611452,12503304066,3N_LOW_06,Bisulfite-Seq,GENOMIC,RANDOM,True,True,False,2
SRX9934559,BS-seq of Crassostrea gigasgill,Magallana gigas,HiSeq X Ten,Chinese Academy of Sciences,SRP303217,Epigenomics of wild Pacific oysters,SRS8109933,Pacific oyster,6138.18,1,65048760,19514628000,F0_LTX_1,Bisulfite-Seq,GENOMIC,size fractionation,True,True,False,2
SRX9640299,Whole genome bisulfite sequencing of triploid Crassostrea gigas at pH 7.7: adult ctenidia,Magallana gigas,Illumina NovaSeq 6000,University of Washington,SRP296747,Whole genome bisulfite sequencing (WGBS) of diploid and triploid Crassostrea gigas ctenidia exposed to different pH levels.,SRS7839933,Pacific oyster,4665.64,1,53154280,13444842183,3N_LOW_12,Bisulfite-Seq,GENOMIC,RANDOM,True,True,False,2
SRX9934560,BS-seq of Crassostrea gigasgill,Magallana gigas,HiSeq X Ten,Chinese Academy of Sciences,SRP303217,Epigenomics of wild Pacific oysters,SRS8109933,Pacific oyster,7378.52,1,77628843,23288652900,F0_LTX_2,Bisulfite-Seq,GENOMIC,size fractionation,True,True,False,2
ERX10398951,NextSeq 550 paired end sequencing; D44_5_79,Magallana gigas,NextSeq 550,Ifremer,ERP145459,Genetic and epigenetic variations underpin rapid adaptation of oyster populations (Crassostrea gigas) to Pacific Oyster Mortality Syndrome (POMS),ERS14733668,Pacific oyster,2573.62,1,20539479,6194969299,D44-5-79_S43_ME_ME_L001,Bisulfite-Seq,GENOMIC,other,False,True,False,1
SRX795175,"Crassostrea gigas DNA islated from male gonad tissue (Male 3), bisulfite treated prior to sequencing",Magallana gigas,Illumina HiSeq 2000,University of Washington,SRP028178,Crassostrea gigas Epigenomics,SRS785873,Pacific oyster,747.95,2,8078115,1227873480,Male oyster 3,Bisulfite-Seq,GENOMIC,unspecified,True,False,False,1
ERX10398905,NextSeq 550 paired end sequencing; C22_7_82,Magallana gigas,NextSeq 550,Ifremer,ERP145459,Genetic and epigenetic variations underpin rapid adaptation of oyster populations (Crassostrea gigas) to Pacific Oyster Mortality Syndrome (POMS),ERS14733622,Pacific oyster,1938.64,1,15445856,4658519842,C22-7-82_S33_ME_ME_L001,Bisulfite-Seq,GENOMIC,other,False,True,False,1
ERX10399014,Illumina NovaSeq 6000 paired end sequencing; I33_4_433,Magallana gigas,Illumina NovaSeq 6000,Ifremer,ERP145459,Genetic and epigenetic variations underpin rapid adaptation of oyster populations (Crassostrea gigas) to Pacific Oyster Mortality Syndrome (POMS),ERS14733731,Pacific oyster,2413.07,1,34363709,6883362692,i33-4-433,Bisulfite-Seq,GENOMIC,other,False,True,False,1
ERX10398848,Illumina NovaSeq 6000 paired end sequencing; E45_8_727,Magallana gigas,Illumina NovaSeq 6000,Ifremer,ERP145459,Genetic and epigenetic variations underpin rapid adaptation of oyster populations (Crassostrea gigas) to Pacific Oyster Mortality Syndrome (POMS),ERS14733565,Pacific oyster,754.03,1,12320952,2464190400,200729_A00902_A_L002_ASWX-5-1,Bisulfite-Seq,GENOMIC,other,False,True,False,1
SRX1822781,"medipped DNA from oyster D larvae, biological replicate 3",Magallana gigas,Illumina Genome Analyzer IIx,University of Caen Normandy,SRP076169,Crassostrea gigas developmental genome-wide methylome dynamics,SRS1485820,Pacific oyster,181.21,1,2554523,362742266,,MeDIP-Seq,GENOMIC,5-methylcytidine antibody,True,False,False,1
ERX10398878,Illumina NovaSeq 6000 paired end sequencing; B34_1_213,Magallana gigas,Illumina NovaSeq 6000,Ifremer,ERP145459,Genetic and epigenetic variations underpin rapid adaptation of oyster populations (Crassostrea gigas) to Pacific Oyster Mortality Syndrome (POMS),ERS14733595,Pacific oyster,2563.29,1,35330380,7078441220,b34-1-213,Bisulfite-Seq,GENOMIC,other,False,True,False,1
ERX10398931,Illumina NovaSeq 6000 paired end sequencing; D11_8_205,Magallana gigas,Illumina NovaSeq 6000,Ifremer,ERP145459,Genetic and epigenetic variations underpin rapid adaptation of oyster populations (Crassostrea gigas) to Pacific Oyster Mortality Syndrome (POMS),ERS14733648,Pacific oyster,2304.88,1,32737025,6570945591,d11-8-205,Bisulfite-Seq,GENOMIC,other,False,True,False,1
ERX10398919,Illumina NovaSeq 6000 paired end sequencing; C45_5_507,Magallana gigas,Illumina NovaSeq 6000,Ifremer,ERP145459,Genetic and epigenetic variations underpin rapid adaptation of oyster populations (Crassostrea gigas) to Pacific Oyster Mortality Syndrome (POMS),ERS14733636,Pacific oyster,1799.22,1,25586647,5133652811,c45-5-507,Bisulfite-Seq,GENOMIC,other,False,True,False,1
ERX10398973,NextSeq 550 paired end sequencing; E2_1_267,Magallana gigas,NextSeq 550,Ifremer,ERP145459,Genetic and epigenetic variations underpin rapid adaptation of oyster populations (Crassostrea gigas) to Pacific Oyster Mortality Syndrome (POMS),ERS14733690,Pacific oyster,4540.14,1,36572035,11030089114,E2-1-267_S29_ME_ME_L001,Bisulfite-Seq,GENOMIC,other,False,True,False,1
SRX15097231,ATAC-seq of estarine oyster: muscle,Magallana ariakensis,HiSeq X Ten,"Institute of Oceanology, Chinese Academy of Scienc",SRP372471,Crassostrea ariakensis Raw sequence reads,SRS12842580,,6806.59,1,70128156,21038446800,QZ02,ATAC-seq,GENOMIC,RANDOM PCR,True,False,False,1
ERX10398879,NextSeq 550 paired end sequencing; B3_4_160,Magallana gigas,NextSeq 550,Ifremer,ERP145459,Genetic and epigenetic variations underpin rapid adaptation of oyster populations (Crassostrea gigas) to Pacific Oyster Mortality Syndrome (POMS),ERS14733596,Pacific oyster,2233.8,1,17149163,5172172196,B3-4-160_S44_ME_ME_L001,Bisulfite-Seq,GENOMIC,other,False,True,False,1
ERX10398849,Illumina NovaSeq 6000 paired end sequencing; J23_7_684,Magallana gigas,Illumina NovaSeq 6000,Ifremer,ERP145459,Genetic and epigenetic variations underpin rapid adaptation of oyster populations (Crassostrea gigas) to Pacific Oyster Mortality Syndrome (POMS),ERS14733566,Pacific oyster,872.25,1,14023852,2804770400,200729_A00902_A_L002_ASWX-5-2,Bisulfite-Seq,GENOMIC,other,False,True,False,1
ERX13315320,GT5_17_T1_M_S,Magallana gigas,Illumina NovaSeq 6000,The French Research Institute for Exploitation of ,ERP165671,Enzymatic Methyl sequencing of gills and mantle before and after POMS infection in Pacific oyster Magallana gigas GESTINOV 2021,ERS21388532,,7287.87,1,74143100,22242930000,GT5_17_T1_M_S,Bisulfite-Seq,GENOMIC,other,True,False,False,1
SRX27795455,ATAC-seq of CH_2; Whole soft tissues,Magallana gigas,Illumina NovaSeq 6000,Ocean University of China,SRP566191,ATAC-seq data from Crassostrea gigas strains with growth differences,SRS24172473,,7185.89,1,73213269,21947791210,CH-2,ATAC-seq,GENOMIC,RANDOM PCR,True,False,False,1
ERX10398977,Illumina NovaSeq 6000 paired end sequencing; E29_3_395,Magallana gigas,Illumina NovaSeq 6000,Ifremer,ERP145459,Genetic and epigenetic variations underpin rapid adaptation of oyster populations (Crassostrea gigas) to Pacific Oyster Mortality Syndrome (POMS),ERS14733694,Pacific oyster,1361.8,1,18473558,3706446218,e29-3-395,Bisulfite-Seq,GENOMIC,other,False,True,False,1
ERX10398942,Illumina NovaSeq 6000 paired end sequencing; D2_7_679,Magallana gigas,Illumina NovaSeq 6000,Ifremer,ERP145459,Genetic and epigenetic variations underpin rapid adaptation of oyster populations (Crassostrea gigas) to Pacific Oyster Mortality Syndrome (POMS),ERS14733659,Pacific oyster,2007.04,1,28637027,5745823084,d2-7-679,Bisulfite-Seq,GENOMIC,other,False,True,False,1
ERX10398993,Illumina NovaSeq 6000 paired end sequencing; E58_1_152,Magallana gigas,Illumina NovaSeq 6000,Ifremer,ERP145459,Genetic and epigenetic variations underpin rapid adaptation of oyster populations (Crassostrea gigas) to Pacific Oyster Mortality Syndrome (POMS),ERS14733710,Pacific oyster,3416.41,1,48635823,9764686818,e58-1-152,Bisulfite-Seq,GENOMIC,other,False,True,False,1
ERX10399038,Illumina NovaSeq 6000 paired end sequencing; J27_8_695,Magallana gigas,Illumina NovaSeq 6000,Ifremer,ERP145459,Genetic and epigenetic variations underpin rapid adaptation of oyster populations (Crassostrea gigas) to Pacific Oyster Mortality Syndrome (POMS),ERS14733755,Pacific oyster,2260.96,1,30863805,6177713221,j27-8-695,Bisulfite-Seq,GENOMIC,other,False,True,False,1
ERX10399006,Illumina NovaSeq 6000 paired end sequencing; I23_3_367,Magallana gigas,Illumina NovaSeq 6000,Ifremer,ERP145459,Genetic and epigenetic variations underpin rapid adaptation of oyster populations (Crassostrea gigas) to Pacific Oyster Mortality Syndrome (POMS),ERS14733723,Pacific oyster,1960.04,1,27044076,5430037767,i23-3-367,Bisulfite-Seq,GENOMIC,other,False,True,False,1
ERX10398870,Illumina NovaSeq 6000 paired end sequencing; B19_7_91,Magallana gigas,Illumina NovaSeq 6000,Ifremer,ERP145459,Genetic and epigenetic variations underpin rapid adaptation of oyster populations (Crassostrea gigas) to Pacific Oyster Mortality Syndrome (POMS),ERS14733587,Pacific oyster,1419.62,1,20287515,4061697417,b19-7-91,Bisulfite-Seq,GENOMIC,other,False,True,False,1
ERX10398909,Illumina NovaSeq 6000 paired end sequencing; C27_3_349,Magallana gigas,Illumina NovaSeq 6000,Ifremer,ERP145459,Genetic and epigenetic variations underpin rapid adaptation of oyster populations (Crassostrea gigas) to Pacific Oyster Mortality Syndrome (POMS),ERS14733626,Pacific oyster,2267.88,1,31034040,6220822811,c27-3-349,Bisulfite-Seq,GENOMIC,other,False,True,False,1
SRX20274365,oyster gonadal methylome,Magallana gigas,Illumina HiSeq 2500,Ocean University of China,SRP299301,DNA methylation of triploid oysters,SRS7926101,Pacific oyster,5489.1,1,57642448,17292734400,F-3na-1,Bisulfite-Seq,GENOMIC,RANDOM PCR,True,False,False,1
ERX10398959,Illumina NovaSeq 6000 paired end sequencing; D56_4_19,Magallana gigas,Illumina NovaSeq 6000,Ifremer,ERP145459,Genetic and epigenetic variations underpin rapid adaptation of oyster populations (Crassostrea gigas) to Pacific Oyster Mortality Syndrome (POMS),ERS14733676,Pacific oyster,2530.65,1,20395043,6151206134,D56-4-19_S49_ME_ME_L001,Bisulfite-Seq,GENOMIC,other,False,True,False,1
SRX14204635,WGBS of Crassostrea gigas: adult female gonad,Magallana gigas,Illumina NovaSeq 6000,Woods Hole Oceanographic Institution,SRP360168,Crassostrea gigas gonad methylation data,SRS12026779,Pacific oyster,14857.61,1,199920896,46927268007,zr3616_4,Bisulfite-Seq,GENOMIC,unspecified,True,False,False,1
SRX1822768,"medipped DNA from oyster morula embryos, biological replicate 2",Magallana gigas,Illumina Genome Analyzer IIx,University of Caen Normandy,SRP076169,Crassostrea gigas developmental genome-wide methylome dynamics,SRS1485807,Pacific oyster,276.77,1,3851009,546843278,,MeDIP-Seq,GENOMIC,5-methylcytidine antibody,True,False,False,1
ERX10398965,Illumina NovaSeq 6000 paired end sequencing; E10_3_187,Magallana gigas,Illumina NovaSeq 6000,Ifremer,ERP145459,Genetic and epigenetic variations underpin rapid adaptation of oyster populations (Crassostrea gigas) to Pacific Oyster Mortality Syndrome (POMS),ERS14733682,Pacific oyster,1230.84,1,17674467,3528115715,e10-3-187,Bisulfite-Seq,GENOMIC,other,False,True,False,1
ERX10398808,Illumina NovaSeq 6000 paired end sequencing; J11_8_700,Magallana gigas,Illumina NovaSeq 6000,Ifremer,ERP145459,Genetic and epigenetic variations underpin rapid adaptation of oyster populations (Crassostrea gigas) to Pacific Oyster Mortality Syndrome (POMS),ERS14733525,Pacific oyster,2553.35,1,41509360,8301872000,200703_A00902_B_L002_ASWX-9-1,Bisulfite-Seq,GENOMIC,other,False,True,False,1
ERX13315302,GT1_09_T1_M_R,Magallana gigas,Illumina NovaSeq 6000,The French Research Institute for Exploitation of ,ERP165671,Enzymatic Methyl sequencing of gills and mantle before and after POMS infection in Pacific oyster Magallana gigas GESTINOV 2021,ERS21388514,,12158.58,1,119818219,35945465700,GT1_09_T1_M_R,Bisulfite-Seq,GENOMIC,other,True,False,False,1
SRX2402585,,Magallana gigas,Illumina HiSeq 2000,University of Perpignan,SRP061743,Crassostrea gigas Transcriptome or Gene expression,SRS1842127,Pacific oyster,5733.57,1,78957937,15949503274,D3-17,Bisulfite-Seq,GENOMIC,other,False,False,True,1
SRX13958787,The whole genome bisulfite sequencing of the Pacific oyster somatic tissues,Magallana angulata,HiSeq X Ten,Ocean University of China,SRP357124,The whole genome bisulfite sequencing of the Pacific oyster somatic tissues,SRS11799159,,10444.67,1,110007986,33002395800,o8t_2,Bisulfite-Seq,GENOMIC,DNase,True,False,False,1
ERX10398814,Illumina NovaSeq 6000 paired end sequencing; J26_4_422,Magallana gigas,Illumina NovaSeq 6000,Ifremer,ERP145459,Genetic and epigenetic variations underpin rapid adaptation of oyster populations (Crassostrea gigas) to Pacific Oyster Mortality Syndrome (POMS),ERS14733531,Pacific oyster,2518.61,1,40430470,8086094000,200703_A00902_B_L002_ASWX-9-7,Bisulfite-Seq,GENOMIC,other,False,True,False,1
SRX20274368,oyster gonadal methylome,Magallana gigas,Illumina HiSeq 2500,Ocean University of China,SRP299301,DNA methylation of triploid oysters,SRS7926104,Pacific oyster,5332.01,1,56356595,16906978500,F-3nb-1,Bisulfite-Seq,GENOMIC,RANDOM PCR,True,False,False,1
ERX10398974,Illumina NovaSeq 6000 paired end sequencing; E21_8_133,Magallana gigas,Illumina NovaSeq 6000,Ifremer,ERP145459,Genetic and epigenetic variations underpin rapid adaptation of oyster populations (Crassostrea gigas) to Pacific Oyster Mortality Syndrome (POMS),ERS14733691,Pacific oyster,2418.73,1,33117935,6631875199,e21-8-133,Bisulfite-Seq,GENOMIC,other,False,True,False,1
ERX10398925,Illumina NovaSeq 6000 paired end sequencing; C54_5_136,Magallana gigas,Illumina NovaSeq 6000,Ifremer,ERP145459,Genetic and epigenetic variations underpin rapid adaptation of oyster populations (Crassostrea gigas) to Pacific Oyster Mortality Syndrome (POMS),ERS14733642,Pacific oyster,2207.79,1,31573779,6333978828,c54-5-136,Bisulfite-Seq,GENOMIC,other,False,True,False,1
ERX10398935,NextSeq 550 paired end sequencing; D14_7_99,Magallana gigas,NextSeq 550,Ifremer,ERP145459,Genetic and epigenetic variations underpin rapid adaptation of oyster populations (Crassostrea gigas) to Pacific Oyster Mortality Syndrome (POMS),ERS14733652,Pacific oyster,3847.05,1,31737679,9570226755,D14-7-99_S43_ME_ME_L001,Bisulfite-Seq,GENOMIC,other,False,True,False,1
ERX10399016,Illumina NovaSeq 6000 paired end sequencing; I36_5_520,Magallana gigas,Illumina NovaSeq 6000,Ifremer,ERP145459,Genetic and epigenetic variations underpin rapid adaptation of oyster populations (Crassostrea gigas) to Pacific Oyster Mortality Syndrome (POMS),ERS14733733,Pacific oyster,1887.66,1,25897872,5196569523,i36-5-520,Bisulfite-Seq,GENOMIC,other,False,True,False,1
ERX10399021,Illumina NovaSeq 6000 paired end sequencing; I45_1_263,Magallana gigas,Illumina NovaSeq 6000,Ifremer,ERP145459,Genetic and epigenetic variations underpin rapid adaptation of oyster populations (Crassostrea gigas) to Pacific Oyster Mortality Syndrome (POMS),ERS14733738,Pacific oyster,2343.09,1,32053768,6433147563,i45-1-263,Bisulfite-Seq,GENOMIC,other,False,True,False,1
ERX10398938,NextSeq 550 paired end sequencing; D20_8_192,Magallana gigas,NextSeq 550,Ifremer,ERP145459,Genetic and epigenetic variations underpin rapid adaptation of oyster populations (Crassostrea gigas) to Pacific Oyster Mortality Syndrome (POMS),ERS14733655,Pacific oyster,3701.18,1,30013003,9051463820,D20-8-192_S37_ME_ME_L001,Bisulfite-Seq,GENOMIC,other,False,True,False,1
